{
    "openapi":  "3.0.1",
    "info":  {
                 "title":  "Weather Forecast APIs",
                 "version":  "v1"
             },
    "paths":  {
                  "/WeatherForecast":  {
                                           "get":  {
                                                       "tags":  [
                                                                    "WeatherForecast"
                                                                ],
                                                       "summary":  "Gets the Weather Forecast details.",
                                                       "responses":  {
                                                                         "200":  {
                                                                                     "description":  "Success",
                                                                                     "content":  {
                                                                                                     "text/plain":  {
                                                                                                                        "schema":  {
                                                                                                                                       "type":  "array",
                                                                                                                                       "items":  {
                                                                                                                                                     "$ref":  "#/components/schemas/WeatherForecast"
                                                                                                                                                 }
                                                                                                                                   }
                                                                                                                    },
                                                                                                     "application/json":  {
                                                                                                                              "schema":  {
                                                                                                                                             "type":  "array",
                                                                                                                                             "items":  {
                                                                                                                                                           "$ref":  "#/components/schemas/WeatherForecast"
                                                                                                                                                       }
                                                                                                                                         }
                                                                                                                          },
                                                                                                     "text/json":  {
                                                                                                                       "schema":  {
                                                                                                                                      "type":  "array",
                                                                                                                                      "items":  {
                                                                                                                                                    "$ref":  "#/components/schemas/WeatherForecast"
                                                                                                                                                }
                                                                                                                                  }
                                                                                                                   }
                                                                                                 }
                                                                                 }
                                                                     }
                                                   }
                                       },
                  "/WeatherForecast/{forecastId}":  {
                                                        "get":  {
                                                                    "tags":  [
                                                                                 "WeatherForecast"
                                                                             ],
                                                                    "summary":  "Get the single Weather Forecast details by id.",
                                                                    "parameters":  [
                                                                                       {
                                                                                           "name":  "forecastId",
                                                                                           "in":  "path",
                                                                                           "description":  "The forecast Id changed.",
                                                                                           "required":  true,
                                                                                           "schema":  {
                                                                                                          "type":  "integer",
                                                                                                          "format":  "int32"
                                                                                                      }
                                                                                       }
                                                                                   ],
                                                                    "responses":  {
                                                                                      "200":  {
                                                                                                  "description":  "Success",
                                                                                                  "content":  {
                                                                                                                  "text/plain":  {
                                                                                                                                     "schema":  {
                                                                                                                                                    "$ref":  "#/components/schemas/WeatherForecast"
                                                                                                                                                }
                                                                                                                                 },
                                                                                                                  "application/json":  {
                                                                                                                                           "schema":  {
                                                                                                                                                          "$ref":  "#/components/schemas/WeatherForecast"
                                                                                                                                                      }
                                                                                                                                       },
                                                                                                                  "text/json":  {
                                                                                                                                    "schema":  {
                                                                                                                                                   "$ref":  "#/components/schemas/WeatherForecast"
                                                                                                                                               }
                                                                                                                                }
                                                                                                              }
                                                                                              }
                                                                                  }
                                                                }
                                                    },
                  "/WeatherForecast/index/{indexId}":  {
                                                           "get":  {
                                                                       "tags":  [
                                                                                    "WeatherForecast"
                                                                                ],
                                                                       "summary":  "Gets the index of the by.",
                                                                       "parameters":  [
                                                                                          {
                                                                                              "name":  "indexId",
                                                                                              "in":  "path",
                                                                                              "description":  "The index identifier.",
                                                                                              "required":  true,
                                                                                              "schema":  {
                                                                                                             "type":  "integer",
                                                                                                             "format":  "int32"
                                                                                                         }
                                                                                          }
                                                                                      ],
                                                                       "responses":  {
                                                                                         "200":  {
                                                                                                     "description":  "Success",
                                                                                                     "content":  {
                                                                                                                     "text/plain":  {
                                                                                                                                        "schema":  {
                                                                                                                                                       "$ref":  "#/components/schemas/WeatherForecast"
                                                                                                                                                   }
                                                                                                                                    },
                                                                                                                     "application/json":  {
                                                                                                                                              "schema":  {
                                                                                                                                                             "$ref":  "#/components/schemas/WeatherForecast"
                                                                                                                                                         }
                                                                                                                                          },
                                                                                                                     "text/json":  {
                                                                                                                                       "schema":  {
                                                                                                                                                      "$ref":  "#/components/schemas/WeatherForecast"
                                                                                                                                                  }
                                                                                                                                   }
                                                                                                                 }
                                                                                                 }
                                                                                     }
                                                                   }
                                                       }
              },
    "components":  {
                       "schemas":  {
                                       "WeatherForecast":  {
                                                               "type":  "object",
                                                               "properties":  {
                                                                                  "id":  {
                                                                                             "type":  "integer",
                                                                                             "format":  "int32"
                                                                                         },
                                                                                  "date":  {
                                                                                               "type":  "string",
                                                                                               "format":  "date-time"
                                                                                           },
                                                                                  "temperatureC":  {
                                                                                                       "type":  "integer",
                                                                                                       "format":  "int32"
                                                                                                   },
                                                                                  "temperatureF":  {
                                                                                                       "type":  "integer",
                                                                                                       "format":  "int32",
                                                                                                       "readOnly":  true
                                                                                                   },
                                                                                  "summary":  {
                                                                                                  "type":  "string",
                                                                                                  "nullable":  true
                                                                                              }
                                                                              },
                                                               "additionalProperties":  false
                                                           }
                                   }
                   }
}
